"mol","NAME_","available","H_acceptor","H_donor","B_rotN","N_O","logP","logD","logSw","PSA"
C#CCn1c2ccccc2nc1CCNC(c1ccco1)=O,8017-3768,31,5,1,5,5,2.13,2.12,-4.07,60.06
C(C(C(O)=O)n1cccc1)c1ccccc1,8015-2081,38,3,1,4,3,1.91,-1.79,-2.29,42.23
C(C(N)=O)Sc1c(nc(c2ccco2)o1)S(c1ccc(cc1)[Br])(=O)=O,C176-0446,18,8,2,6,7,2.4,2.83,-4.35,150.1
C(C(Nc1ccc(c(c1)F)F)=O)N1C(=O)Oc2ccccc12,C082-0704,23,5,1,4,5,2.59,2.92,-4.09,58.64
C(C(O)=O)NS(c1cccc2c1nsn2)(=O)=O,K906-1162,56,8,2,5,7,0.33,-2.23,-1.22,145.9
C(CCC(O)=O)CCN,0351-0392,183,3,3,6,3,-4.34,-2.47,1.902,63.32
C(CCC(O)=O)CCNS(c1ccc(cc1)[Cl])(=O)=O,Y041-3038,26,5,2,7,5,1.97,-1.755,0.7746,91.85
C(CN1CCN(CC1)c1cccc(c1)[Cl])NC(C1=CC=CN2C1=Nc1ccccc1C2=O)=O,C200-1000,1,5,1,6,7,2.94,3.89,-1.49,68.25
C(CNC(CN1C(c2cccn2c2cccnc12)=O)=O)c1ccc(cc1)S(N)(=O)=O,E524-0181,124,6,3,7,9,0.66,0.5,-1.99,135.8
C(CNC(CSCc1ccccc1)=O)c1ccc(cc1)S(N)(=O)=O,Y030-7702,7,5,3,8,5,1.16,2.556,-4.866,122.9
C(c1ccc(cc1)[Br])=NNC(c1cccc(c1)I)=O,1699-1433,43,4,1,4,3,4.01,3.26,-5.09,41.46
C(c1cccc(c1)O)=Nn1c(N)nnn1,8012-2420,1,7,3,3,7,0.69,0.66,-2.37,102.2
C(c1ccccc1)N1C(=Nc2ccccc2C1=O)SCC(N)=O,8010-4955,47,5,2,5,5,2.42,1.921,-0.8249,101.1
C(c1ccccc1)NC(CS(c1ccc(cc1)[Cl])(=O)=O)=O,G856-7251,21,4,1,6,4,2.66,2.95,-4.69,71.62
C(c1ccccn1)NC(CN1C(c2cc(c3ccccc3)nn2C=N1)=O)=O,G361-0007,182,5,1,6,8,0.93,1.08,-2.53,92.48
C1C(CC(C(=CNCCN2CCN(CC2)C(Cc2ccccc2)=O)C1=O)=O)c1ccccc1,4038-0089,80,4,1,8,6,2.1,1.83,-1.4,69.72
C1C(N(C(c2ccc(cc2)F)S1)c1c(cccc1F)F)=O,K205-1672,22,5,0,2,2,3.86,3.79,-5.86,45.61
C1C(Nc2ccccc2N1C(COc1ccccc1F)=O)=O,Y300-1659,51,5,1,3,5,3.14,3.14,-3.2,58.64
C1CC(CNC(CN2C(c3c(C=N2)c2ccccc2n3Cc2ccccc2F)=O)=O)OC1,C880-2462,77,5,1,7,7,3.06,2.08,-2.87,75.93
C1CC2=C(C(CC(N2)=O)c2cccc(c2)[Br])C(C1)=O,C276-0766,120,3,1,1,3,2.16,3.52,-4.12,46.17
C1CCC(C1)NC(CSC1=Nc2c3ccccc3sc2C(N1CCCN1CCOCC1)=O)=O,K263-0436,33,7,1,9,7,3.65,2.76,-2.09,74.24
C1CCC(CC1)C(NCCc1ccc(cc1)S(N)(=O)=O)=O,Y030-6352,40,5,3,5,5,1.24,3.178,-4.373,97.64
C1CCN(CC1)Cc1c(C(NN=Cc2ccc(cc2[Cl])[Cl])=O)nnn1c1c(N)non1,1766-1192,97,2,3,4,11,3.23,0.63,-3.02,140.3
C1CCN(CC1)c1nc(N)nc(n1)N(c1ccccc1)c1ccccc1,8013-6249,25,6,2,4,6,4.27,4.26,-5.24,71.17
C1CN(CCN1c1cccc(c1)[Cl])S(C1=CN=C(NC1=O)O)(=O)=O,D668-0121,161,7,2,4,8,0.416,1.05,-0.73,110.7
C1COCCN1S(c1ccc(cc1)NC(COc1ccccc1[Cl])=O)(=O)=O,5551-0163,24,7,1,7,7,1.92,4.9,-6.48,84.94
C1CS(CC1N(Cc1ccco1)C(COc1ccc(cc1)[Cl])=O)(=O)=O,D051-0235,159,6,0,7,6,1.46,1.48,-2.18,85.2
C1CS(c2ccccc2N(CC(Nc2cccc(c2)C(F)(F)F)=O)C1=O)(=O)=O,C867-0041,2,6,1,2,6,3.66,3.66,-4.4,91.93
C=CCN1C(=Nc2ccc(cc2)C(O)=O)SCC1=O,3771-4581,1,5,1,4,5,3.3,0.45,-3.84,95.27
CC(=O)Oc1ccc(C=C2C(=O)OC(c3c(c4ccccc4)noc3C)=N2)cc1OC,2192-1228,2,8,0,6,8,3.61,3.19,-4.71,100.2
CC(C(C(C(C=NNC(COc1ccc(cc1C)[Cl])=O)O)O)O)O,2095-0022,91,8,5,13,8,0.18,-0.78,2.95,131.6
CC(C(NCCc1ccc(c(c1)OC)OC)=O)N1C(c2cc3c(cco3)n2C(C)=N1)=O,C887-0681,10,6,1,8,9,2.13,1.42,-0.23,98.3
CC(C)(C(O)=O)SC(N1CCCCCC1)=S,4349-0063,63,4,1,5,3,3.83,0.09,-1.46,72.63
CC(C)(C)NC(COc1ccc(CNC(C)(C)CO)cc1OC)=O,6408-0449,33,5,3,11,6,1.7,-1.04,0.98,79.82
CC(C)Cc1nnc(NC(c2c(c3ccccc3)noc2C)=O)s1,Y030-7170,90,6,1,3,6,5.57,5.38,-5.71,109.2
CC(C)N(C(C)C)C(Cn1cc(c2ccccc12)SCC(NCC1CCCO1)=O)=O,E587-0740,23,4,1,11,6,2.45,4.76,-3.29,88.87
CC(C)N1CCC2(CC1)NC(CO)(CO)CO2,6049-1987,3,5,3,5,5,1.36,-0.85,0.61,64.96
CC(C)Oc1ccc(cc1)C(NCC1(CCCCC1)N(C)C)=O,D335-0289,152,3,1,7,4,3.6,3.04,-2.26,41.57
CC(C)c1ccc(C)cc1OCC(NN=C1CC(CC(C)(C)C1)=O)=O,6005-0048,91,4,1,6,5,3.1,3.55,-3.44,67.76
CC(C)c1nnc(N2C(C3=C(C2=O)Oc2ccccc2C3=O)c2ccc(cc2)O)s1,6391-0424,157,7,1,4,7,4.,2.69,-2.34,120.9
CC(N1C(Cc2cc(ccc12)S(N1CCCC1)(=O)=O)C(NCc1cccc(c1)F)=O)=O,G384-0210,4,6,1,7,7,1.79,2.37,-5.65,95.17
CC(N1CCN(CC1)Cc1nc2cc(ccc2n1C)NC(COc1cccc(C)c1)=O)=O,D044-0098,256,5,1,8,8,2.14,1.94,-0.9,79.7
CC(N1CCSc2ccc(cc12)S(NCc1cccc(c1)OC)(=O)=O)=O,E459-0296,18,6,1,6,6,1.99,2.7,-6.25,109.4
CC(N=C(Nc1cccc(C)c1C)Nc1nc(C)cc(C)n1)=O,4802-0033,5,4,2,5,6,3.24,3.67,-2.03,79.27
CC(NCCNC(C1CCC(CC1)CNC1c2ccccc2NC(N=1)=S)=O)=O,K297-0929,1,7,4,6,7,1.52,1.36,-4.04,126.7
CC(NCCc1nc2cc(ccc2n1C)NC(COc1ccc(cc1)OC)=O)=O,D073-0156,196,5,2,10,8,1.72,2.6,0.72,94.48
CC(Nc1c(C(Nc2ccccc2OC)=O)nnn1Cc1ccccc1)=O,8014-8736,35,8,2,6,8,3.34,2.019,-5.241,98.14
CC(Nc1ccc(cc1)C(O)=O)=O,0566-0028,95,4,2,1,4,-2.173,-1.67,1.811,66.4
CC(c1ccccc1)NC(C1CCN(CC1)c1nc(c2ccc(cc2)OC)no1)=O,E207-0261,117,5,1,2,7,3.55,2.79,-3.91,80.49
CC1(C)CC(C(=CNC(CCC(N)=O)C(O)=O)C(C1)=O)=O,4401-0042,5,5,4,7,7,-0.77,-3.92,-1.3,126.6
CC1(C)CN2C(c3ccc(cc3)OC)N2C1,C614-5973,65,3,0,2,3,1.94,3.64,-4.18,15.48
CC1(C)Cc2c3C4=NC(C(CCC(O)=O)=NN4C=Nc3sc2CO1)=O,8640-0003,406,8,1,4,8,0.98,-1.93,-1.05,132.2
CC1=C(CCC(N[C@H](CCCNC(N)=O)C(O)=O)=O)C(=O)Oc2cc3c(cc12)c(C)co3,Y041-2363,73,10,5,9,10,0.43,0.4696,-1.51,161.
CC1=C(Cc2ccccc2)C(n2c(N1)nc(c1ccc(cc1)[Cl])n2)=O,D043-0120,77,4,1,3,5,4.22,2.3,-4.18,59.81
CC1=C2COC(C)(C)CC2=C(C#N)C(N1)=O,8640-0512,1,4,1,0,4,0.66,0.66,-2.02,62.12
CC1=CC(N2C(=N1)SC(=N2)N1CCC(CC1)C(NCc1ccccc1[Cl])=O)=O,C885-0086,38,6,1,5,7,3.56,3.14,-3.68,102.7
CC1=CC(N2C(=N1)SC(=N2)N1CCCC(C1)C(NCc1ccc2c(c1)OCO2)=O)=O,C885-0401,60,7,1,3,9,2.8,3.75,-2.09,121.1
CC1C(CC(NN=CC(=Cc2ccccc2)[Br])=O)C(NN=1)=O,3253-5054,34,5,2,6,6,0.88,-0.84,-0.05,82.92
CC1CC(C)CN(CCCNC(CN2C=Nc3c(C2=O)c(c(C)s3)S(N2CC(C)CC(C)C2)(=O)=O)=O)C1,C186-0489,62,8,1,9,9,1.89,2.39,-3.48,126.7
CC1CCCCN1CCCNC(c1ccc(cc1)NC(C1=CSCCO1)=O)=O,G370-0240,48,5,2,9,6,1.6,-0.37,0.33,95.97
CC1CCN(CC1)C(Nc1ccsc1C(=O)OC)=S,C200-1589,38,4,1,5,4,3.52,2.96,-2.37,73.66
CC1Cc2cc(ccc2N1C(C)=O)S(N1CCCC1C(Nc1cc(ccc1OC)OC)=O)(=O)=O,E570-1983,95,7,1,8,9,1.93,2.82,-2.19,113.6
CCC(C(Nc1nnc(s1)S(N1CCCCC1)(=O)=O)=O)Oc1ccccc1,E157-0905,107,8,1,8,8,3.26,2.01,0.09,138.1
CCC(C(O)=O)Sc1nc2ccccc2o1,D058-0186,78,5,1,5,4,2.9,-0.66,0.39,88.63
CCC(C)(C)NC(C1CC(N(CCc2ccc(cc2)F)C1)=O)=O,Y031-4295,56,4,1,6,4,3.51,3.51,-4.11,49.41
CCC(C1=C(CC(CC1=O)c1ccccc1)NCCC(O)=O)=O,8013-1241,7,4,2,6,5,1.79,-1.83,0.34,83.47
CCC(Nc1ccccc1C1C(Nc2ccccc2N=1)=O)=O,D384-0002,271,5,2,3,5,2.36,0.93,-0.93,70.56
CCCC(C)NC(C1CC(N(CCc2ccc(cc2)F)C1)=O)=O,Y031-4251,41,4,1,7,4,3.6,3.6,-4.17,49.41
CCCC(NC1=C(c2ccccc2NC1=O)O)=O,K844-1376,50,3,3,5,5,0.64,-0.11,0.54,78.43
CCCC(NCCc1ccc(cc1)F)=O,Y030-9323,15,2,1,5,2,2.13,1.615,-3.645,29.1
CCCCC(CC)CNC(CC1C(N2C(c3ccccc3NC2=S)=N1)=O)=O,K279-0466,4,4,2,9,6,4.05,2.44,-1.,105.9
CCCCCN(C(NC(Nc1ccccc1C)=O)=O)S(c1ccccc1)(=O)=O,1486-0902,4,4,2,11,7,4.88,3.95,-4.75,95.58
CCCCCOC(CSC1C(NC(NN=1)=O)=O)=O,1683-2875,20,6,2,8,7,1.79,1.32,-0.88,96.86
CCCCCS(CC1CC1([Cl])[Cl])=NS(c1ccc(C)cc1)(=O)=O,5753-0028,55,5,0,8,3,5.18,7.16,-6.69,53.35
CCCCCc1nc2ccccc2[nH]1,0375-0472,71,1,1,4,2,3.64,3.59,-2.15,28.68
CCCCCn1c2ccccc2nc1CNC(C(C)(C)C)=O,C174-0190,49,2,1,8,4,4.2,5.94,-0.62,46.92
CCCCNC(C1CCC(CC1)CNS(c1cccc2c1nsn2)(=O)=O)=O,C548-3642,258,7,2,9,7,3.15,3.96,-4.67,101.
CCCCNC(C1Cc2cc(ccc2N1C(C)=O)S(N1CCCC1)(=O)=O)=O,G384-0160,8,5,1,8,7,1.33,2.28,-6.,95.17
CCCNC(c1cccc(c1)[Br])=O,Y030-1909,16,2,1,3,2,2.62,2.376,-3.939,29.1
CCCNS(c1ccc(cc1)NC(Cc1cccs1)=O)(=O)=O,Y031-3213,55,5,2,4,5,2.47,2.47,-3.93,111.9
CCCS(c1nc(c(N2CCN(CC)CC2)s1)S(c1ccc(C)cc1)(=O)=O)(=O)=O,C848-0421,11,7,0,7,7,4.55,0.56,-0.73,132.7
CCCc1c2C(C(C#N)=C(N)Nc2on1)c1cc(ccc1F)[Br],6773-1943,41,5,3,4,5,3.9,2.62,-0.94,87.87
CCN(CC)CCOc1c2ccccc2c(c2ccc(cc2)OC)nn1,3544-1021,32,5,0,8,5,4.41,3.75,-2.89,47.48
CCN1C(=NC2CCSC=2C1=O)SCC(NC1CCCCC1)=O,C280-1168,52,5,1,6,5,2.22,3.39,-4.37,112.4
CCN1C=C(C(c2cc(ccc12)S(N(C)C)(=O)=O)=O)C(NCCCN1CC(C)CC(C)C1)=O,C519-1140,146,6,1,9,8,1.96,2.23,-1.24,90.03
CCN1C=C(C(c2cc(ccc12)S(N1CC(C)CC(C)C1)(=O)=O)=O)C(N1CCc2ccccc12)=O,C519-1901,115,5,0,5,7,3.61,4.01,-5.02,78.
CCN1CCN(CCNC(c2ccc(CS(c3ccc(cc3)[Cl])=O)o2)=O)CC1,E535-3076,123,6,1,9,6,2.63,0.73,-1.3,85.
CCOC(C1C(c2ccc(cc2)N(C)C)N2C(=NC=1C)SC(=Cc1ccccc1[Cl])C2=O)=O,2030-0011,8,6,0,6,6,5.28,5.32,-5.97,62.21
CCOC(C1C(c2cccc(c2)O)NC(N(CCO)C=1C)=O)=O,8010-8389,26,7,3,8,7,1.63,1.63,0.26,99.1
CCOC(C1CCN(CC1)C(COc1ccc2c(c1)OCO2)=O)=O,Y031-2702,26,7,0,6,7,1.14,1.14,-3.15,74.3
CCOC(C1CCN(CC1)S(c1c(C(N2CCCCC2)=O)c(C)n(C)c1C)(=O)=O)=O,G243-0459,277,6,0,7,8,1.55,3.68,-6.26,97.3
CCOC(CN(Cc1ccccc1)S(c1ccc(cc1)NC(C)=O)(=O)=O)=O,K783-0604,31,6,1,10,7,1.71,4.99,-5.78,92.78
CCOC(CNC(CNC(C1c2ccccc2C(N(c2ccc(c(c2)[Cl])OC)N=1)=O)=O)=O)=O,C066-0558,195,8,2,11,10,1.73,0.46,0.08,126.4
CCOC(CNS(c1c(C)noc1C)(=O)=O)=O,K906-2238,61,7,1,6,7,-0.32,0.83,-0.03,106.9
CCOC(N1CCC(CC1)NC(C1CCCN(C1)S(c1cccc2c1nsn2)(=O)=O)=O)=O,C444-0155,90,9,1,8,10,1.25,2.37,-3.61,121.8
CCOC(N1CCC(CC1)NC(CCCN1C(CSc2c1c(C)cc(C)n2)=O)=O)=O,C862-1811,1,8,1,7,8,1.22,1.22,-2.69,117.1
CCOC(N1CCN(CC1)Cc1nc2c(C(N(C)C(N2C)=O)=O)n1Cc1ccccc1)=O,C470-0087,141,6,0,7,10,2.48,1.62,-0.32,91.22
CCOC(NNC1CC(N(C1=O)c1ccc(cc1)OC)=O)=O,Y020-5971,43,8,2,4,8,1.01,1.01,-2.86,96.97
CCOC(Nc1ccc(cc1)S(Nc1cc(C)nc(C)n1)(=O)=O)=O,6048-0634,50,4,2,2,8,1.23,1.17,-1.55,118.7
CCOC(c1ccc(cc1)NC(CC1C(N(C(N1CCOC)=O)c1cccc(c1)OC)=O)=O)=O,C636-0987,113,7,1,12,10,2.53,1.55,-1.58,114.5
CCOC(c1ccc(cc1)NS(c1c(C(N2CCCCC2)=O)c(C)[nH]c1C)(=O)=O)=O,G242-0506,298,5,2,8,8,2.24,2.51,-0.71,117.
CCOCCCNC(C(c1ccc(cc1)[Cl])N1CCN(CC1)C(c1ccco1)=O)=O,C094-2296,101,6,1,11,7,1.76,1.23,-0.19,75.02
CCOc1cc(C=NNC(c2ccncc2)=O)ccc1OC(c1ccco1)=O,8003-6731,15,7,1,9,8,2.14,1.89,-2.16,103.
CCOc1cc(ccc1O)C1C2=C(CC(C)(C)CC2=O)N(CCOC)C2CC(C)(C)CC(C1=2)=O,4984-2181,58,5,1,7,6,3.45,4.45,-5.49,76.07
CCOc1cc2CNC(c3ccccc3F)c3cccn3c2cc1OCC,8015-3275,30,4,1,5,4,3.99,3.57,-4.82,35.42
CCOc1ccc(CNC(CCS(Cc2ccc(C)cc2)(=O)=O)=O)cc1OC,K786-7221,1,5,1,11,6,3.06,5.99,-6.65,81.7
CCOc1ccc(cc1)C(NCCN1CCOCC1)=O,Y030-2188,7,5,1,6,5,1.27,1.201,-0.8421,50.8
CCOc1ccc(cc1C)S(N1CCC(CC1)C(NCc1ccccn1)=O)(=O)=O,Y050-1501,30,7,1,7,7,2.99,3.539,-8.399,96.98
CCOc1ccc(cc1[Cl])S(N1CCCC(C1)C(NC1CC1)=O)(=O)=O,Y050-2196,22,6,1,6,6,2.98,2.98,-4.23,84.09
CCOc1ccc2c(c1)C(CC(C)(C)O2)N(CCN1CCOCC1)C(Nc1ccc(cc1OC)OC)=O,K788-0070,211,7,1,11,9,3.34,5.47,-3.08,81.73
CCOc1ccccc1N(C)C(CCS(c1ccc2c(c1)NC(CO2)=O)(=O)=O)=O,E511-0468,70,6,1,8,8,1.57,0.62,-1.33,110.4
CCOc1ccccc1OCC(Nc1ccc(cc1)S(Nc1ncccn1)(=O)=O)=O,3643-3351,154,7,2,10,9,2.01,0.57,-2.71,119.5
CCOc1ccccc1OCc1nn2c(c3ccc(C)cc3)nnc2s1,D064-0041,64,6,0,6,6,4.57,4.81,-6.09,89.78
CCc1ccc(cc1)C1CC(NC2=C1C(N=C1C(C)=CC=CN12)=O)=O,8017-1488,27,5,1,2,5,4.07,4.07,-5.06,61.77
CCc1ccccc1NC(C1c2ccccc2Oc2ccccc12)=O,3010-2032,134,2,1,4,3,4.82,6.28,-5.22,38.33
CCc1ccccc1NC1=NN2C(=Nc3cc(ccc3C2=O)C(N2CCC(CC2)C(=O)OCC)=O)S1,K284-7805,84,7,1,8,9,4.88,2.97,-2.43,129.
CCc1ccccc1NS(Cc1ccccc1)(=O)=O,Y030-1516,47,3,1,4,3,3.12,3.11,-3.41,54.55
CCc1nnc(NC(C2CC(N(CCc3ccc(cc3)F)C2)=O)=O)s1,Y031-4297,35,6,1,5,6,2.7,2.7,-4.23,103.4
CCn1cc(CCC(NC(C)C)=O)c2ccccc12,E542-0430,2,1,1,6,3,2.55,4.38,-5.78,34.03
CN(C)CCOC(CC12CC3CC(C1)CC(C3)(CC(=O)OCCN(C)C)C2)=O,1523-5958,50,6,0,12,6,2.5,2.85,-2.69,59.08
CN(C)c1ccc(C=C2C=C(c3ccccc3)OC2=O)cc1,4185-0019,22,2,0,3,3,3.71,5.26,-5.19,33.45
CN1C(=O)Oc2cc(ccc12)S(CCC(NCc1cccc(c1)OC)=O)(=O)=O,E975-1164,8,6,1,8,8,1.95,1.34,-2.74,110.4
CN1C2=C(C(C(C#N)=C(N)O2)c2ccc(cc2)[Cl])C(N(C)C1=O)=O,8006-4483,44,5,2,2,7,2.63,0.7,-2.62,99.66
CNC(COc1ccc(cc1)C1c2ccccc2C(N(C)N=1)=O)=O,6434-3519,8,4,1,5,6,1.88,1.32,-3.04,71.
COC(CCC(Nc1cc(ccc1OC)OC)=O)=O,8004-4744,36,5,1,8,6,0.99,0.88,-2.04,73.86
COC(CNC(Cc1c(cccc1[Cl])F)=O)=O,Y031-0057,45,4,1,5,4,2.03,2.03,-2.88,55.4
COC(Nc1ccc(cc1)S(N1CCCCC1)(=O)=O)=O,0831-0999,5,6,1,4,6,2.42,2.42,-2.94,84.09
COC(c1c(ccs1)NC(CSCCc1ccccn1)=O)=O,K788-9877,176,6,1,9,5,1.91,2.17,-3.83,68.29
COC(c1ccc(C=NN2CCN(CC2)Cc2ccccc2[Cl])cc1)=O,3253-1057,8,5,0,6,5,4.03,4.36,-6.06,45.14
COC(c1ccc(cc1)NC(COc1ccc(cc1)[Br])=O)=O,1682-7515,43,5,1,7,5,3.05,3.62,-4.28,64.63
COC(c1ccc(cc1)OCc1nnn[nH]1)=O,8017-5182,33,7,1,5,7,1.43,-0.53,-2.83,89.99
COC(c1ccc2C(N(CCCN3CCCC3=O)C(Nc2c1)=S)=O)=O,K284-0154,17,5,1,6,7,1.44,0.47,0.3,111.
COCCCNC(CSC1=Nc2ccccc2C(N1CCC(NCCc1ccc(c(c1)OC)OC)=O)=O)=O,K284-4628,17,8,2,17,10,2.41,2.12,-2.35,118.6
COCCCNC(CSC1=Nc2ccccc2C(N1CCCC(NCC1CCCO1)=O)=O)=O,K284-4216,60,7,2,15,9,1.22,2.16,-0.34,109.3
COc1cc(c(cc1NC(NCCc1ccc(cc1)S(N)(=O)=O)=S)OC)[Cl],5743-0407,112,7,4,9,7,3.81,2.64,-4.47,134.8
COc1cc(cc(c1OC)OC)C(N(Cc1cccc(c1)[Cl])C1CCS(C1)(=O)=O)=O,6214-0276,27,7,0,8,7,2.95,1.72,-3.16,90.52
COc1cc(cc(c1OC)OC)C(NC(c1ccccc1)c1ccccc1)=O,Y030-3235,30,5,1,7,5,3.12,3.797,-5.554,56.79
COc1cc(cc(c1OC)OC)C(NCCC(NCc1ccc2c(c1)OCO2)=O)=O,K784-8060,81,7,2,11,9,1.65,1.44,-1.73,104.3
COc1cc(cc(c1OC)OC)C1=C(C#N)C(N2CCSC2=N1)=O,Y020-7780,4,7,0,2,7,1.41,1.41,-4.03,109.5
COc1cc(cc(c1OC)OC)C1C2=C(CCCC2=O)Nc2c1c(n(c1ccccc1)n2)O,6882-0482,5,6,2,6,8,3.79,2.48,-3.31,94.84
COc1cc2C(N=C(NC(c3ccccc3)=O)Nc2cc1OC)=O,Y020-0593,38,7,2,3,7,2.11,2.62,-0.1652,89.02
COc1ccc(CCNC(CCC(n2c3cc(ccc3cn2)[Cl])=O)=O)cc1OC,E002-0834,99,6,1,10,7,3.42,1.48,-2.35,82.45
COc1ccc(CCNC(CCCCCN2C(=Nc3cc4c(cc3C2=O)OCO4)SCC(N)=O)=O)cc1OC,K284-5819,87,9,3,15,11,3.27,0.44,-3.64,141.8
COc1ccc(CN2C(c3ccc(cc3NC2=O)C(N2CCN(CC2)c2ccc(cc2)OC)=O)=O)cc1,C190-0241,68,5,1,7,9,3.89,3.35,-5.05,91.42
COc1ccc(CNC(CCCN2C(c3cc4c(cco4)n3C=N2)=O)=O)cc1,C795-0649,43,5,1,8,8,1.16,2.03,-0.79,89.07
COc1ccc(c(c1)OC)N1C(c2ccccc2C(C(NCCCN2CCOCC2)=O)=N1)=O,K979-0993,36,7,1,9,9,1.83,1.75,-0.93,92.7
COc1ccc(c(c1)S(N1CCc2ccccc2C1)(=O)=O)OC,C085-0886,1,5,0,4,5,2.57,3.4,-7.91,55.84
COc1ccc(cc1)N1CCN(CC1)C(c1cccc(c1)S(N1CCOCC1)(=O)=O)=O,Y300-1228,27,8,0,5,8,2.4,2.39,-2.71,87.77
COc1ccc(cc1N1C([C@@H]2CCCN2[C@H]1c1ccccc1F)=O)[Cl],C466-0210,12,4,0,3,4,2.97,7.4,-4.2,32.78
COc1ccc(cc1OC(c1ccccc1[Cl])=O)C(N1CCOCC1)=S,8008-1532,26,6,0,6,5,4.44,4.18,-6.2,80.09
COc1ccc(cc1OC)C(CC1(C(N(CC(N)=O)c2ccccc12)=O)O)=O,5056-0011,12,6,3,8,8,0.66,0.19,-1.28,119.2
COc1ccc(cc1OC)C1C(N(CC(N1Cc1ccccc1)=O)C1CCCCCC1)=O,K784-6573,102,4,0,6,6,4.12,4.15,-5.84,59.08
COc1ccc(cc1OC)S(N1CCCC(C1)C(NC1CCCC1)=O)(=O)=O,Y050-1073,27,7,1,6,7,2.88,3.262,-8.212,93.32
COc1cccc(C2CC(C(Nc3ccc4c(c3)OCO4)=O)ON=2)c1OC,C651-0438,278,7,1,6,8,2.12,2.29,-2.98,87.61
COc1cccc(CNC(c2ccc(cc2)NC(C2CCCO2)=O)=O)c1,C181-0847,121,4,2,8,6,2.06,2.57,-3.02,76.66
COc1cccc(c1)NC(CSc1c(nc2ccccc2n1)N1CCOCC1)=O,7472-0244,1,7,1,6,7,3.27,3.27,-3.93,101.9
COc1ccccc1CNC(C1CCN(CC1)C(NC1CCCCC1)=O)=O,D207-0027,1,3,2,8,6,2.68,5.4,-4.72,70.67
COc1ccccc1N1CCN(CC1)C(CCCN1C(c2c(ccs2)NC1=O)=O)=O,C172-0225,1,8,1,6,8,2.51,7.4,-4.63,110.4
COc1ccccc1c1nnc([nH]1)SCC(N1CCC(CC1)C(N)=O)=O,Y020-1863,44,8,3,6,8,0.26,0.9145,-1.768,139.5
CS(N1CCc2ccccc2C1)(=O)=O,Y030-0898,41,3,0,0,3,2.34,2.34,-2.97,45.76
CSc1ccccc1NC(c1ccc(c(c1)NC(c1ccncc1)=O)N1CC2CC(C1)C1=CC=CC(N1C2)=O)=O,K623-0780,58,5,2,8,8,2.72,3.02,-5.39,119.9
Cc1c(CCN(Cc2cc(c(c(c2)OC)OC)OC)C(NC)=S)c2ccccc2[nH]1,C198-0064,108,4,2,10,6,5.4,4.91,-4.07,90.84
Cc1c(CNC(Nc2ccccc2C(=O)OC)=O)c(C)n(C)n1,G532-0011,129,4,2,7,7,1.46,4.27,-4.7,85.25
Cc1c(CNCCc2ccc(cc2)[Cl])c(C(O)=O)c(C)n1c1ccccc1,G396-3288,73,4,2,8,4,5.04,3.26,-3.52,54.26
Cc1c(c2ccccc2)c2N=C3CCCC3=C(Nc3ccc(cc3)F)n2n1,D724-0561,48,3,1,3,4,5.524,6.761,-6.96,42.22
Cc1c(cccc1F)NS(c1ccc(cc1)N1CCCC1=O)(=O)=O,8016-1848,15,5,1,3,5,1.97,1.72,0.011,74.86
Cc1c(cccc1[Cl])Nc1nc(CSC(N2CCOCC2)=S)nc(N)n1,5750-2685,107,7,3,6,7,4.48,1.38,-2.9,121.3
Cc1c2cc(ccc2oc1C(Nc1ccc(cc1)F)=O)S(N1CCCC1)(=O)=O,K786-1113,20,6,1,5,6,3.48,2.45,-7.31,79.62
Cc1cc(cc(C)c1[Cl])OCC(N(Cc1ccco1)C1CCS(C1)(=O)=O)=O,D051-0287,83,6,0,7,6,2.43,2.41,-2.09,85.2
Cc1cc(ccc1OCC(Nc1ccc(c(c1)OC)OC)=O)S(N1CCOCC1)(=O)=O,Y050-2166,27,9,1,8,9,2.11,2.11,-3.74,111.8
Cc1cc2COC(c2c(n1)SCC#N)=O,8015-7259,34,4,0,2,4,0.62,0.62,-2.17,88.28
Cc1ccc(C)c(c1)N1CN(Cc2ccco2)CNC1=S,5701-2380,1,3,1,3,4,4.3,3.07,-3.07,63.74
Cc1ccc(C=NNC(c2ccc(cc2)NC(c2ccc(cc2)[Cl])=O)=O)o1,2262-2188,8,5,2,7,6,4.23,4.26,-3.6,83.7
Cc1ccc(CC(CC(Nc2ccc(cc2)OC(F)(F)F)=O)C(O)=O)cc1,8015-3576,31,7,2,9,5,5.33,0.78,-2.58,75.63
Cc1ccc(CCCC(O)=O)cc1,8756-0074,5,2,1,4,2,2.84,0.24,-2.41,37.3
Cc1ccc(CCNC(c2c(N)n(c3cccc(C)c3)nn2)=O)cc1,K236-0042,1,3,3,6,6,3.48,3.2,-3.59,85.83
Cc1ccc(c(c1)C(C)(C)C)OCC(Nc1ccccc1C(N)=O)=O,2389-2890,79,3,3,7,5,3.34,2.42,-2.34,81.42
Cc1ccc(cc1)C(NC(=Cc1ccco1)C(NC1CCS(C1)(=O)=O)=O)=O,1309-1502,9,5,2,7,7,0.72,4.41,-4.69,105.5
Cc1ccc(cc1)N1C(CC(C1=O)N1CCN(CC1)c1ccccn1)=O,3076-0292,13,4,0,3,6,3.14,1.22,-1.29,56.75
Cc1ccc(cc1)OCC(NC(CC(O)=O)c1ccc(c(c1)OC)OC)=O,8015-0129,56,6,2,11,7,2.64,-0.29,-2.08,94.09
Cc1ccc(cc1)S(CC(N1CCN(CC1)c1ccc(cc1)F)=O)(=O)=O,Y031-2533,98,5,0,4,5,2.77,2.712,-4.141,66.07
Cc1ccc(cc1)S(NC(C(N1CCOCCOCCOCC1)=O)c1ccccc1)(=O)=O,3356-0058,48,7,1,6,8,1.64,2.78,-4.65,94.17
Cc1ccc(cc1)S(NC(Nc1ccc(cc1)F)=O)(=O)=O,6036-1652,14,4,2,5,5,2.79,3.07,-5.74,75.27
Cc1ccc(cc1)S(NCCC(NCCc1ccccc1)=O)(=O)=O,K784-4177,75,4,2,9,5,2.44,4.03,-5.72,75.27
Cc1ccc(cc1F)NC(Cn1c(C(=O)OC)c(C(=O)OC)nn1)=O,C200-1426,6,8,1,8,9,1.77,1.45,-0.89,112.4
Cc1ccc2c(c1)c1CCCCc1n2CC(=O)OC,3474-0122,41,2,0,3,3,3.906,4.241,-6.16,31.23
Cc1ccc2c(c1)c1c(CO2)c(C(N(C)c2cccc(c2)[Cl])=O)no1,E475-0451,113,5,0,3,5,4.4,5.14,-5.06,55.57
Cc1ccc2c(c1)c1c(cc(C(Nc3ccsc3C(=O)OC)=O)s1)C(=O)O2,C593-1326,296,7,1,5,6,3.96,4.1,-4.51,81.7
Cc1ccc2c(c1)sc(NS(C)(=O)=O)n2,Y030-5132,41,4,1,0,4,2.21,2.18,-3.36,95.68
Cc1cccc(C)c1NC(CCS(c1ccc(cc1)OC)(=O)=O)=O,K978-1358,35,4,1,7,5,3.2,2.84,-3.92,72.47
Cc1cccc(CCNC(CCCOC2=CC(N(C)c3ccccc23)=O)=O)c1,C547-0936,74,3,1,9,5,2.87,2.53,-2.19,58.64
Cc1cccc(NC(C2=CC3=C(CC(C)(C)CC3=O)N(C2=O)c2ccc(cc2)OC)=O)n1,5312-0018,1,7,1,4,7,2.69,7.4,-4.45,88.6
Cc1cccc(c1)c1nc(CCC(NC2CCCCC2)=O)on1,D069-0032,120,4,1,5,5,3.25,2.85,-3.91,68.02
Cc1cccc(c1C)NC(NCC(c1cccnc1)N1CCOCC1)=S,C467-0136,263,4,2,7,5,3.82,1.19,1.36,81.51
Cc1ccccc1N1CC(CC1=O)C(Nc1ccc(cc1)S(NCC1CCCO1)(=O)=O)=O,Y031-3842,2,8,2,3,8,2.09,2.09,-4.23,113.2
Cn1cc(C(C(N2CCCC2)=O)=O)c2ccccc12,8018-3600,30,4,0,2,4,1.61,1.471,-2.971,42.31
Cn1cc(CCC(NCCCc2ccccc2)=O)c2ccccc12,E542-0117,58,1,1,6,3,3.83,3.33,-5.7,34.03
Cn1cccc1CNC(Nc1ccccc1F)=S,K788-0591,107,2,2,5,3,3.18,3.63,-3.37,61.08
c1ccc(cc1)C(NS(c1ccccc1)(=O)=O)=O,0896-7764,8,4,1,2,4,2.75,0.77,-3.64,71.62
c1ccc2c(c1)C(N(C(N2)=S)c1cccc(c1)[Cl])=O,8011-2559,57,3,1,1,3,4.11,2.44,-3.22,64.43
